agent_id,display,team,tier,csat_n,response_rate,csat_mean,share_le2,handle_median_min,adj_score,adj_shrunk,adj_ci_lo,adj_ci_hi,label
A3004,A3004,Chat Frontline,1,122,0.42657342657342656,2.959016393442623,0.3524590163934426,26.0,-0.31730378561095623,-0.22506431304963173,-0.5167197789368533,-0.12778163063802916,clear evidence
A3007,A3007,Chat Frontline,1,113,0.4329501915708812,3.0088495575221237,0.3893805309734513,27.0,-0.27210271188591584,-0.18863562235035883,-0.5022080724795113,-0.04941947637739606,clear evidence
A3005,A3005,Chat Frontline,1,111,0.3978494623655914,3.0,0.36936936936936937,25.0,-0.24686426440095682,-0.17019834377954166,-0.47158884933126477,-0.02829649431767247,clear evidence
A3006,A3006,Chat Frontline,1,132,0.4943820224719101,3.0303030303030303,0.3560606060606061,27.0,-0.2276835986281073,-0.16513315944456133,-0.43068662098652744,-0.034721515919856165,clear evidence
A3020,A3020,Email Frontline,1,98,0.41350210970464135,3.4693877551020407,0.20408163265306123,23.0,-0.1490587278500591,-0.09870104952233644,-0.35457740643323205,0.05054408370294696,insufficient evidence
A3041,A3041,Escalations & Warranty,2,85,0.4497354497354497,2.4352941176470586,0.5529411764705883,7291.0,-0.15268632560952342,-0.09613583464303325,-0.34603050282871395,0.04889025589484288,queue effect likely
A3029,A3029,Logistics,1,154,0.4723926380368098,3.1103896103896105,0.22727272727272727,1465.5,-0.12027809238601181,-0.09079816778159715,-0.27842340398034965,0.03282621467731674,insufficient evidence
A3028,A3028,Logistics,1,145,0.43543543543543545,3.1241379310344826,0.23448275862068965,1463.0,-0.11463435385910636,-0.08524092979266884,-0.2800890608716976,0.03724950451513674,insufficient evidence
A3032,A3032,Billing,1,166,0.4486486486486487,3.4096385542168677,0.1746987951807229,22.0,-0.10380345560929366,-0.07977487792195717,-0.26643788527766193,0.05051506901262466,insufficient evidence
A3022,A3022,Email Frontline,1,90,0.41284403669724773,3.522222222222222,0.12222222222222222,23.0,-0.10381674566996137,-0.06673933650211802,-0.28920706458530715,0.08504529572868295,insufficient evidence
