sku,lot_key,orders,units,tickets,replacements,replacement_rate,baseline_rate,wilson_lower,flagged,healthy_baseline_rate,unit_cost_inr,replacement_cost_inr,excess_replacements,excess_cost_inr,weeks_to_detect,detect_note
VA-AC-CASE,CASE-2504,3,3,1,0,0.0,0.04697986577181208,0.0,False,0.046511627906976744,620,960,0.0,0.0,,
VA-AC-CASE,CASE-2505,14,16,6,1,0.07142857142857142,0.04529616724738676,0.012721886112291648,False,0.046511627906976744,620,960,0.0,0.0,,
VA-AC-CASE,CASE-2506,17,20,15,0,0.0,0.04929577464788732,0.0,False,0.046511627906976744,620,960,0.0,0.0,,
VA-AC-CASE,CASE-2507,24,25,16,0,0.0,0.05054151624548736,0.0,False,0.046511627906976744,620,960,0.0,0.0,,
VA-AC-CASE,CASE-2508,32,35,22,1,0.03125,0.048327137546468404,0.005537717362550956,False,0.046511627906976744,620,960,0.0,0.0,,
VA-AC-CASE,CASE-2509,27,31,24,0,0.0,0.051094890510948905,1.2149183920775522e-17,False,0.046511627906976744,620,960,0.0,0.0,,
VA-AC-CASE,CASE-2510,29,30,22,2,0.06896551724137931,0.04411764705882353,0.019120864097994437,False,0.046511627906976744,620,960,0.0,0.0,,
VA-AC-CASE,CASE-2511,21,25,16,2,0.09523809523809523,0.04285714285714286,0.026518208796947225,False,0.046511627906976744,620,960,0.0,0.0,,
VA-AC-CASE,CASE-2512,36,38,24,1,0.027777777777777776,0.04905660377358491,0.004920280295569678,False,0.046511627906976744,620,960,0.0,0.0,,
VA-AC-CASE,CASE-2601,33,34,31,4,0.12121212121212122,0.03731343283582089,0.0481608326758423,False,0.046511627906976744,620,960,0.0,0.0,,
VA-AC-CASE,CASE-2602,21,23,20,1,0.047619047619047616,0.04642857142857143,0.008455769471923294,False,0.046511627906976744,620,960,0.0,0.0,,
VA-AC-CASE,CASE-2603,27,29,21,2,0.07407407407407407,0.043795620437956206,0.020554221697383537,False,0.046511627906976744,620,960,0.0,0.0,,
VA-AC-CASE,CASE-2604,9,10,6,0,0.0,0.04794520547945205,0.0,False,0.046511627906976744,620,960,0.0,0.0,,
VA-AC-CASE,CASE-2605,8,8,1,0,0.0,0.04778156996587031,0.0,False,0.046511627906976744,620,960,0.0,0.0,,
VA-AC-CBL,CBL-2404,4,4,0,0,0.0,0.04794520547945205,0.0,False,0.04666666666666667,90,430,0.0,0.0,,
VA-AC-CBL,CBL-2405,6,6,0,0,0.0,0.04861111111111111,0.0,False,0.04666666666666667,90,430,0.0,0.0,,
VA-AC-CBL,CBL-2406,6,7,0,0,0.0,0.04861111111111111,0.0,False,0.04666666666666667,90,430,0.0,0.0,,
VA-AC-CBL,CBL-2407,5,5,0,0,0.0,0.04827586206896552,-3.139202815737979e-17,False,0.04666666666666667,90,430,0.0,0.0,,
VA-AC-CBL,CBL-2408,3,3,0,0,0.0,0.047619047619047616,0.0,False,0.04666666666666667,90,430,0.0,0.0,,
VA-AC-CBL,CBL-2409,4,4,3,0,0.0,0.04794520547945205,0.0,False,0.04666666666666667,90,430,0.0,0.0,,
VA-AC-CBL,CBL-2410,11,12,6,0,0.0,0.050359712230215826,2.057132194452876e-17,False,0.04666666666666667,90,430,0.0,0.0,,
VA-AC-CBL,CBL-2411,6,6,4,0,0.0,0.04861111111111111,0.0,False,0.04666666666666667,90,430,0.0,0.0,,
VA-AC-CBL,CBL-2412,2,2,2,0,0.0,0.0472972972972973,0.0,False,0.04666666666666667,90,430,0.0,0.0,,
VA-AC-CBL,CBL-2501,5,5,5,0,0.0,0.04827586206896552,-3.139202815737979e-17,False,0.04666666666666667,90,430,0.0,0.0,,
VA-AC-CBL,CBL-2502,5,5,3,0,0.0,0.04827586206896552,-3.139202815737979e-17,False,0.04666666666666667,90,430,0.0,0.0,,
VA-AC-CBL,CBL-2503,11,11,7,1,0.09090909090909091,0.04316546762589928,0.016231752262825964,False,0.04666666666666667,90,430,0.0,0.0,,
VA-AC-CBL,CBL-2504,9,10,12,1,0.1111111111111111,0.0425531914893617,0.019890371327130518,False,0.04666666666666667,90,430,0.0,0.0,,
VA-AC-CBL,CBL-2505,7,8,8,0,0.0,0.04895104895104895,0.0,False,0.04666666666666667,90,430,0.0,0.0,,
VA-AC-CBL,CBL-2506,4,4,3,0,0.0,0.04794520547945205,0.0,False,0.04666666666666667,90,430,0.0,0.0,,
VA-AC-CBL,CBL-2507,5,5,3,0,0.0,0.04827586206896552,-3.139202815737979e-17,False,0.04666666666666667,90,430,0.0,0.0,,
VA-AC-CBL,CBL-2508,9,10,10,2,0.2222222222222222,0.03546099290780142,0.0632237623122272,False,0.04666666666666667,90,430,0.0,0.0,,
VA-AC-CBL,CBL-2509,5,5,0,0,0.0,0.04827586206896552,-3.139202815737979e-17,False,0.04666666666666667,90,430,0.0,0.0,,
VA-AC-CBL,CBL-2510,7,8,2,1,0.14285714285714285,0.04195804195804196,0.02567895594897479,False,0.04666666666666667,90,430,0.0,0.0,,
VA-AC-CBL,CBL-2511,8,8,7,2,0.25,0.035211267605633804,0.07147768885802765,False,0.04666666666666667,90,430,0.0,0.0,,
VA-AC-CBL,CBL-2512,6,6,7,0,0.0,0.04861111111111111,0.0,False,0.04666666666666667,90,430,0.0,0.0,,
VA-AC-CBL,CBL-2601,8,9,3,0,0.0,0.04929577464788732,0.0,False,0.04666666666666667,90,430,0.0,0.0,,
VA-AC-CBL,CBL-2602,5,5,3,0,0.0,0.04827586206896552,-3.139202815737979e-17,False,0.04666666666666667,90,430,0.0,0.0,,
VA-AC-CBL,CBL-2603,4,4,1,0,0.0,0.04794520547945205,0.0,False,0.04666666666666667,90,430,0.0,0.0,,
VA-AC-CBL,CBL-2604,4,4,4,0,0.0,0.04794520547945205,0.0,False,0.04666666666666667,90,430,0.0,0.0,,
VA-AC-CBL,CBL-2605,1,2,0,0,0.0,0.04697986577181208,0.0,False,0.04666666666666667,90,430,0.0,0.0,,
VA-AC-CH65,CH65-2403,4,5,0,0,0.0,0.05474452554744526,0.0,False,0.0539568345323741,610,950,0.0,0.0,,
VA-AC-CH65,CH65-2404,9,9,0,0,0.0,0.055762081784386616,0.0,False,0.0539568345323741,610,950,0.0,0.0,,
VA-AC-CH65,CH65-2405,10,11,0,0,0.0,0.055970149253731345,-2.0052288475052677e-17,False,0.0539568345323741,610,950,0.0,0.0,,
VA-AC-CH65,CH65-2406,8,8,1,0,0.0,0.05555555555555555,0.0,False,0.0539568345323741,610,950,0.0,0.0,,
VA-AC-CH65,CH65-2407,12,12,1,0,0.0,0.05639097744360902,0.0,False,0.0539568345323741,610,950,0.0,0.0,,
VA-AC-CH65,CH65-2408,15,15,1,0,0.0,0.057034220532319393,-2.2096511667503485e-17,False,0.0539568345323741,610,950,0.0,0.0,,
VA-AC-CH65,CH65-2409,13,13,0,0,0.0,0.05660377358490566,0.0,False,0.0539568345323741,610,950,0.0,0.0,,
VA-AC-CH65,CH65-2410,16,16,6,1,0.0625,0.05343511450381679,0.011119057308331216,False,0.0539568345323741,610,950,0.0,0.0,,
VA-AC-CH65,CH65-2411,5,6,2,0,0.0,0.054945054945054944,-3.139202815737979e-17,False,0.0539568345323741,610,950,0.0,0.0,,
VA-AC-CH65,CH65-2412,12,12,7,0,0.0,0.05639097744360902,0.0,False,0.0539568345323741,610,950,0.0,0.0,,
VA-AC-CH65,CH65-2501,13,14,10,1,0.07692307692307693,0.052830188679245285,0.013710066379696325,False,0.0539568345323741,610,950,0.0,0.0,,
VA-AC-CH65,CH65-2502,9,9,7,1,0.1111111111111111,0.05204460966542751,0.019890371327130518,False,0.0539568345323741,610,950,0.0,0.0,,
VA-AC-CH65,CH65-2503,11,12,9,1,0.09090909090909091,0.052434456928838954,0.016231752262825964,False,0.0539568345323741,610,950,0.0,0.0,,
VA-AC-CH65,CH65-2504,11,11,8,0,0.0,0.056179775280898875,2.057132194452876e-17,False,0.0539568345323741,610,950,0.0,0.0,,
VA-AC-CH65,CH65-2505,10,12,8,3,0.3,0.04477611940298507,0.10778928748621182,False,0.0539568345323741,610,950,0.0,0.0,,
VA-AC-CH65,CH65-2506,13,14,12,1,0.07692307692307693,0.052830188679245285,0.013710066379696325,False,0.0539568345323741,610,950,0.0,0.0,,
VA-AC-CH65,CH65-2507,10,11,11,2,0.2,0.048507462686567165,0.05668094798069332,False,0.0539568345323741,610,950,0.0,0.0,,
VA-AC-CH65,CH65-2508,8,8,4,0,0.0,0.05555555555555555,0.0,False,0.0539568345323741,610,950,0.0,0.0,,
VA-AC-CH65,CH65-2509,17,19,13,1,0.058823529411764705,0.05363984674329502,0.010460130645164236,False,0.0539568345323741,610,950,0.0,0.0,,
VA-AC-CH65,CH65-2510,7,7,5,1,0.14285714285714285,0.05166051660516605,0.02567895594897479,False,0.0539568345323741,610,950,0.0,0.0,,
VA-AC-CH65,CH65-2511,12,12,10,0,0.0,0.05639097744360902,0.0,False,0.0539568345323741,610,950,0.0,0.0,,
VA-AC-CH65,CH65-2512,15,15,14,2,0.13333333333333333,0.049429657794676805,0.037360469891359285,False,0.0539568345323741,610,950,0.0,0.0,,
VA-AC-CH65,CH65-2601,9,9,7,0,0.0,0.055762081784386616,0.0,False,0.0539568345323741,610,950,0.0,0.0,,
VA-AC-CH65,CH65-2602,4,4,3,1,0.25,0.051094890510948905,0.045586062644636216,False,0.0539568345323741,610,950,0.0,0.0,,
VA-AC-CH65,CH65-2603,15,15,13,0,0.0,0.057034220532319393,-2.2096511667503485e-17,False,0.0539568345323741,610,950,0.0,0.0,,
VA-AC-CH65,CH65-2604,7,8,3,0,0.0,0.055350553505535055,0.0,False,0.0539568345323741,610,950,0.0,0.0,,
VA-AC-CH65,CH65-2605,3,4,1,0,0.0,0.05454545454545454,0.0,False,0.0539568345323741,610,950,0.0,0.0,,
VA-EB-AIR,AIR-2405,3,3,0,0,0.0,0.06813627254509018,0.0,False,0.068,760,1100,0.0,0.0,,
VA-EB-AIR,AIR-2406,18,19,2,0,0.0,0.06882591093117409,0.0,False,0.068,760,1100,0.0,0.0,,
VA-EB-AIR,AIR-2407,54,59,10,2,0.037037037037037035,0.06915629322268327,0.010216153585413053,False,0.068,760,1100,0.0,0.0,,
VA-EB-AIR,AIR-2408,85,91,22,3,0.03529411764705882,0.06996466431095406,0.012074823021218326,False,0.068,760,1100,0.0,0.0,,
VA-EB-AIR,AIR-2409,74,79,31,3,0.04054054054054054,0.0694249649368864,0.013882179579595543,False,0.068,760,1100,0.0,0.0,,
VA-EB-AIR,AIR-2410,90,91,52,7,0.07777777777777778,0.0673758865248227,0.038184329597727634,False,0.068,760,1100,0.0,0.0,,
VA-EB-AIR,AIR-2411,75,78,42,3,0.04,0.06947368421052631,0.013695816001486477,False,0.068,760,1100,0.0,0.0,,
VA-EB-AIR,AIR-2412,71,77,62,4,0.056338028169014086,0.06857942617214835,0.022124161220470236,False,0.068,760,1100,0.0,0.0,,
VA-EB-AIR,AIR-2501,63,66,46,6,0.09523809523809523,0.06680584551148225,0.04438287994388781,False,0.068,760,1100,0.0,0.0,,
VA-EB-AIR,AIR-2502,56,58,52,5,0.08928571428571429,0.06717451523545706,0.03874157726308829,False,0.068,760,1100,0.0,0.0,,
VA-EB-AIR,AIR-2503,71,82,46,4,0.056338028169014086,0.06857942617214835,0.022124161220470236,False,0.068,760,1100,0.0,0.0,,
VA-EB-AIR,AIR-2504,45,48,32,2,0.044444444444444446,0.06872852233676977,0.01227386904044434,False,0.068,760,1100,0.0,0.0,,
VA-EB-AIR,AIR-2505,75,81,64,8,0.10666666666666667,0.06596491228070175,0.05504846963856164,False,0.068,760,1100,0.0,0.0,,
VA-EB-AIR,AIR-2506,70,76,62,8,0.11428571428571428,0.06573426573426573,0.05906058386702606,False,0.068,760,1100,0.0,0.0,,
VA-EB-AIR,AIR-2507,84,88,72,8,0.09523809523809523,0.06638418079096045,0.04905112318948437,False,0.068,760,1100,0.0,0.0,,
VA-EB-AIR,AIR-2508,85,93,52,5,0.058823529411764705,0.0685512367491166,0.025384785707111474,False,0.068,760,1100,0.0,0.0,,
VA-EB-AIR,AIR-2509,67,71,50,7,0.1044776119402985,0.06629448709002093,0.05153704291423213,False,0.068,760,1100,0.0,0.0,,
VA-EB-AIR,AIR-2510,69,73,45,2,0.028985507246376812,0.06988120195667366,0.007985035233144927,False,0.068,760,1100,0.0,0.0,,
VA-EB-AIR,AIR-2511,62,64,46,5,0.08064516129032258,0.0674547983310153,0.034937831855833754,False,0.068,760,1100,0.0,0.0,,
VA-EB-AIR,AIR-2512,51,54,41,4,0.0784313725490196,0.06763285024154589,0.030921696126931502,False,0.068,760,1100,0.0,0.0,,
VA-EB-AIR,AIR-2601,68,73,45,8,0.11764705882352941,0.06564245810055866,0.06083419938921196,False,0.068,760,1100,0.0,0.0,,
VA-EB-AIR,AIR-2602,60,63,36,6,0.1,0.06666666666666667,0.04664219945723587,False,0.068,760,1100,0.0,0.0,,
VA-EB-AIR,AIR-2603,49,51,26,1,0.02040816326530612,0.06960716747070986,0.003611579538530695,False,0.068,760,1100,0.0,0.0,,
VA-EB-AIR,AIR-2604,36,37,18,1,0.027777777777777776,0.06898907103825136,0.004920280295569678,False,0.068,760,1100,0.0,0.0,,
VA-EB-AIR,AIR-2605,16,17,4,0,0.0,0.06873315363881402,0.0,False,0.068,760,1100,0.0,0.0,,
VA-EB-AIR,AIR-2606,3,3,0,0,0.0,0.06813627254509018,0.0,False,0.068,760,1100,0.0,0.0,,
VA-EB-PL1,PL1-2403,23,25,2,0,0.0,0.06714975845410628,-1.1891583198458084e-17,False,0.06641184902054467,1120,1460,0.0,0.0,,
VA-EB-PL1,PL1-2404,48,54,4,0,0.0,0.06797066014669927,0.0,False,0.06641184902054467,1120,1460,0.0,0.0,,
VA-EB-PL1,PL1-2405,76,83,4,0,0.0,0.06891422905304909,0.0,False,0.06641184902054467,1120,1460,0.0,0.0,,
VA-EB-PL1,PL1-2406,87,92,5,0,0.0,0.06929212362911266,0.0,False,0.06641184902054467,1120,1460,0.0,0.0,,
VA-EB-PL1,PL1-2407,91,99,16,1,0.01098901098901099,0.06893106893106893,0.0019424213233478922,False,0.06641184902054467,1120,1460,0.0,0.0,,
VA-EB-PL1,PL1-2408,82,88,15,2,0.024390243902439025,0.06812531079065141,0.006714229565123538,False,0.06641184902054467,1120,1460,0.0,0.0,,
VA-EB-PL1,PL1-2409,100,106,25,6,0.06,0.06673356748620171,0.027785745266656618,False,0.06641184902054467,1120,1460,0.0,0.0,,
VA-EB-PL1,PL1-2410,92,98,57,10,0.10869565217391304,0.06446776611694154,0.06012087589842425,False,0.06641184902054467,1120,1460,0.0,0.0,,
VA-EB-PL1,PL1-2411,74,81,57,10,0.13513513513513514,0.0638930163447251,0.07508967900487225,False,0.06641184902054467,1120,1460,0.0,0.0,,
VA-EB-PL1,PL1-2412,83,88,64,3,0.03614457831325301,0.06766169154228856,0.012367579124893054,False,0.06641184902054467,1120,1460,0.0,0.0,,
VA-EB-PL1,PL1-2501,86,89,73,12,0.13953488372093023,0.06327852516193323,0.08165766761659309,False,0.06641184902054467,1120,1460,0.0,0.0,,
VA-EB-PL1,PL1-2502,86,94,63,5,0.05813953488372093,0.06676631788739412,0.025086565690785115,False,0.06641184902054467,1120,1460,0.0,0.0,,
VA-EB-PL1,PL1-2503,73,79,60,11,0.1506849315068493,0.06336633663366337,0.08627588209726772,False,0.06641184902054467,1120,1460,0.0,0.0,,
VA-EB-PL1,PL1-2504,78,83,63,5,0.0641025641025641,0.06650124069478908,0.027688907083923672,False,0.06641184902054467,1120,1460,0.0,0.0,,
VA-EB-PL1,PL1-2505,75,80,62,6,0.08,0.06590683845391476,0.03717961789436807,False,0.06641184902054467,1120,1460,0.0,0.0,,
VA-EB-PL1,PL1-2506,70,75,62,7,0.1,0.0652496292634701,0.04928867510614623,False,0.06641184902054467,1120,1460,0.0,0.0,,
VA-EB-PL1,PL1-2507,82,93,72,7,0.08536585365853659,0.06563898557931377,0.04196599135384305,False,0.06641184902054467,1120,1460,0.0,0.0,,
VA-EB-PL1,PL1-2508,123,133,72,10,0.08130081300813008,0.06548223350253807,0.04475838884502017,False,0.06641184902054467,1120,1460,0.0,0.0,,
VA-EB-PL1,PL1-2509,98,108,78,9,0.09183673469387756,0.06516290726817042,0.04906865909068409,False,0.06641184902054467,1120,1460,0.0,0.0,,
VA-EB-PL1,PL1-2510,85,90,59,6,0.07058823529411765,0.06623505976095617,0.03275051687715236,False,0.06641184902054467,1120,1460,0.0,0.0,,
VA-EB-PL1,PL1-2511,86,88,53,5,0.05813953488372093,0.06676631788739412,0.025086565690785115,False,0.06641184902054467,1120,1460,0.0,0.0,,
VA-EB-PL1,PL1-2512,82,85,51,9,0.10975609756097561,0.06464445549477872,0.05882647906650992,False,0.06641184902054467,1120,1460,0.0,0.0,,
VA-EB-PL1,PL1-2601,89,100,64,7,0.07865168539325842,0.0658682634730539,0.0386193309317579,False,0.06641184902054467,1120,1460,0.0,0.0,,
VA-EB-PL1,PL1-2602,88,96,47,5,0.056818181818181816,0.06683291770573566,0.02451066653282965,False,0.06641184902054467,1120,1460,0.0,0.0,,
VA-EB-PL1,PL1-2603,57,63,34,2,0.03508771929824561,0.06728880157170923,0.009675461353255768,False,0.06641184902054467,1120,1460,0.0,0.0,,
VA-EB-PL1,PL1-2604,50,56,12,0,0.0,0.0680372001957905,0.0,False,0.06641184902054467,1120,1460,0.0,0.0,,
VA-EB-PL1,PL1-2605,29,32,9,1,0.034482758620689655,0.06686046511627906,0.006113056614032264,False,0.06641184902054467,1120,1460,0.0,0.0,,
VA-EB-PL2,PL2-2504,36,37,38,4,0.1111111111111111,0.22408026755852842,0.044065689087418335,False,0.07081038552321008,1480,1820,0.0,0.0,,
VA-EB-PL2,PL2-2505,135,144,115,11,0.08148148148148149,0.2275421796625627,0.0461050686003902,False,0.07081038552321008,1480,1820,0.0,0.0,,
VA-EB-PL2,PL2-2506,184,199,139,16,0.08695652173913043,0.2289601106755822,0.054232353757765986,False,0.07081038552321008,1480,1820,0.0,0.0,,
VA-EB-PL2,PL2-2507,276,298,200,20,0.07246376811594203,0.23297997644287397,0.047395404590845555,False,0.07081038552321008,1480,1820,0.0,0.0,,
VA-EB-PL2,PL2-2508,438,471,316,31,0.07077625570776255,0.23952975753122704,0.05030609924635432,False,0.07081038552321008,1480,1820,0.0,0.0,,
VA-EB-PL2,PL2-2509,573,613,401,43,0.07504363001745201,0.24468085106382978,0.05618791574911728,False,0.07081038552321008,1480,1820,0.0,0.0,,
VA-EB-PL2,PL2-2510,781,834,935,335,0.42893725992317544,0.1802139037433155,0.39465722427651256,True,0.07081038552321008,1480,1820,279.6970889063729,509048.7018095987,6.0,"alarm 2025-12-04, 6 wks after first shipment, cum 26/248"
VA-EB-PL2,PL2-2511,679,730,815,295,0.43446244477172313,0.18584070796460178,0.3976498769617695,True,0.07081038552321008,1480,1820,246.91974822974035,449393.94177812745,7.0,"alarm 2026-01-13, 7 wks after first shipment, cum 35/343"
VA-EB-PL2,PL2-2512,519,552,588,199,0.3834296724470135,0.20239880059970014,0.3425995406131706,True,0.07081038552321008,1480,1820,162.24940991345397,295293.9260424862,8.0,"alarm 2026-02-18, 8 wks after first shipment, cum 41/360"
VA-EB-PL2,PL2-2601,340,364,210,27,0.07941176470588235,0.23487204018177468,0.05514775915512557,False,0.07081038552321008,1480,1820,0.0,0.0,,
VA-EB-PL2,PL2-2602,171,188,110,11,0.06432748538011696,0.22942528735632184,0.036295382664577644,False,0.07081038552321008,1480,1820,0.0,0.0,,
VA-EB-PL2,PL2-2603,184,194,92,12,0.06521739130434782,0.22988240719391284,0.037696912280103655,False,0.07081038552321008,1480,1820,0.0,0.0,,
VA-EB-PL2,PL2-2604,128,137,42,1,0.0078125,0.22945595265194627,0.0013803963628788842,False,0.07081038552321008,1480,1820,0.0,0.0,,
VA-EB-PL2,PL2-2605,70,74,15,4,0.05714285714285714,0.22579195686362616,0.022443415847410175,False,0.07081038552321008,1480,1820,0.0,0.0,,
VA-EB-PL2,PL2-2606,7,7,1,0,0.0,0.2235268054940186,0.0,False,0.07081038552321008,1480,1820,0.0,0.0,,
VA-HP-ST2,ST2-2403,4,4,0,0,0.0,0.052364864864864864,0.0,False,0.05201342281879195,2100,2440,0.0,0.0,,
VA-HP-ST2,ST2-2404,5,5,0,0,0.0,0.05245346869712352,-3.139202815737979e-17,False,0.05201342281879195,2100,2440,0.0,0.0,,
VA-HP-ST2,ST2-2405,19,22,1,0,0.0,0.053726169844020795,0.0,False,0.05201342281879195,2100,2440,0.0,0.0,,
VA-HP-ST2,ST2-2406,21,21,4,0,0.0,0.05391304347826087,0.0,False,0.05201342281879195,2100,2440,0.0,0.0,,
VA-HP-ST2,ST2-2407,32,32,4,1,0.03125,0.05319148936170213,0.005537717362550956,False,0.05201342281879195,2100,2440,0.0,0.0,,
VA-HP-ST2,ST2-2408,25,28,3,0,0.0,0.0542907180385289,0.0,False,0.05201342281879195,2100,2440,0.0,0.0,,
VA-HP-ST2,ST2-2409,38,40,10,2,0.05263157894736842,0.05197132616487455,0.0145539024485368,False,0.05201342281879195,2100,2440,0.0,0.0,,
VA-HP-ST2,ST2-2410,30,33,12,3,0.1,0.04946996466431095,0.03459925995971615,False,0.05201342281879195,2100,2440,0.0,0.0,,
VA-HP-ST2,ST2-2411,27,28,17,1,0.037037037037037035,0.05272407732864675,0.006567976533097596,False,0.05201342281879195,2100,2440,0.0,0.0,,
VA-HP-ST2,ST2-2412,17,18,20,1,0.058823529411764705,0.05181347150259067,0.010460130645164236,False,0.05201342281879195,2100,2440,0.0,0.0,,
VA-HP-ST2,ST2-2501,22,26,16,1,0.045454545454545456,0.05226480836236934,0.008069219301147859,False,0.05201342281879195,2100,2440,0.0,0.0,,
VA-HP-ST2,ST2-2502,16,16,16,1,0.0625,0.05172413793103448,0.011119057308331216,False,0.05201342281879195,2100,2440,0.0,0.0,,
VA-HP-ST2,ST2-2503,26,27,19,4,0.15384615384615385,0.04736842105263158,0.061499339989294764,False,0.05201342281879195,2100,2440,0.0,0.0,,
VA-HP-ST2,ST2-2504,22,23,18,1,0.045454545454545456,0.05226480836236934,0.008069219301147859,False,0.05201342281879195,2100,2440,0.0,0.0,,
VA-HP-ST2,ST2-2505,31,31,22,3,0.0967741935483871,0.049557522123893805,0.033464036094643976,False,0.05201342281879195,2100,2440,0.0,0.0,,
VA-HP-ST2,ST2-2506,29,31,12,1,0.034482758620689655,0.05291005291005291,0.006113056614032264,False,0.05201342281879195,2100,2440,0.0,0.0,,
VA-HP-ST2,ST2-2507,27,27,19,3,0.1111111111111111,0.0492091388400703,0.03851964789498724,False,0.05201342281879195,2100,2440,0.0,0.0,,
VA-HP-ST2,ST2-2508,27,28,18,0,0.0,0.054481546572934976,1.2149183920775522e-17,False,0.05201342281879195,2100,2440,0.0,0.0,,
VA-HP-ST2,ST2-2509,27,28,15,2,0.07407407407407407,0.050966608084358524,0.020554221697383537,False,0.05201342281879195,2100,2440,0.0,0.0,,
VA-HP-ST2,ST2-2510,27,29,23,1,0.037037037037037035,0.05272407732864675,0.006567976533097596,False,0.05201342281879195,2100,2440,0.0,0.0,,
VA-HP-ST2,ST2-2511,19,22,12,2,0.10526315789473684,0.05025996533795494,0.029357941395096582,False,0.05201342281879195,2100,2440,0.0,0.0,,
VA-HP-ST2,ST2-2512,18,20,12,0,0.0,0.05363321799307959,0.0,False,0.05201342281879195,2100,2440,0.0,0.0,,
VA-HP-ST2,ST2-2601,25,27,15,2,0.08,0.050788091068301226,0.02221993369109194,False,0.05201342281879195,2100,2440,0.0,0.0,,
VA-HP-ST2,ST2-2602,16,16,10,0,0.0,0.05344827586206897,0.0,False,0.05201342281879195,2100,2440,0.0,0.0,,
VA-HP-ST2,ST2-2603,31,32,16,0,0.0,0.05486725663716814,-1.2347636791715884e-17,False,0.05201342281879195,2100,2440,0.0,0.0,,
VA-HP-ST2,ST2-2604,9,9,7,2,0.2222222222222222,0.049403747870528106,0.0632237623122272,False,0.05201342281879195,2100,2440,0.0,0.0,,
VA-HP-ST2,ST2-2605,6,6,0,0,0.0,0.05254237288135593,0.0,False,0.05201342281879195,2100,2440,0.0,0.0,,
VA-HP-ST3,ST3-2408,13,14,7,0,0.0,0.06601941747572816,0.0,False,0.06519654841802493,2650,2990,0.0,0.0,,
VA-HP-ST3,ST3-2409,25,29,15,0,0.0,0.06679764243614932,0.0,False,0.06519654841802493,2650,2990,0.0,0.0,,
VA-HP-ST3,ST3-2410,55,61,36,3,0.05454545454545454,0.06578947368421052,0.01872287596750009,False,0.06519654841802493,2650,2990,0.0,0.0,,
VA-HP-ST3,ST3-2411,55,60,41,3,0.05454545454545454,0.06578947368421052,0.01872287596750009,False,0.06519654841802493,2650,2990,0.0,0.0,,
VA-HP-ST3,ST3-2412,59,60,45,2,0.03389830508474576,0.06707317073170732,0.009345713033501513,False,0.06519654841802493,2650,2990,0.0,0.0,,
VA-HP-ST3,ST3-2501,66,68,51,5,0.07575757575757576,0.06448311156601842,0.032791554064608174,False,0.06519654841802493,2650,2990,0.0,0.0,,
VA-HP-ST3,ST3-2502,32,33,25,5,0.15625,0.06231454005934718,0.06864319106627216,False,0.06519654841802493,2650,2990,0.0,0.0,,
VA-HP-ST3,ST3-2503,57,60,48,10,0.17543859649122806,0.058823529411764705,0.09818747133596607,False,0.06519654841802493,2650,2990,0.0,0.0,,
VA-HP-ST3,ST3-2504,41,45,31,2,0.04878048780487805,0.0658682634730539,0.013480662282573547,False,0.06519654841802493,2650,2990,0.0,0.0,,
VA-HP-ST3,ST3-2505,47,51,42,3,0.06382978723404255,0.06526104417670683,0.021944987020772803,False,0.06519654841802493,2650,2990,0.0,0.0,,
VA-HP-ST3,ST3-2506,47,57,48,5,0.10638297872340426,0.06325301204819277,0.0463040995551994,False,0.06519654841802493,2650,2990,0.0,0.0,,
VA-HP-ST3,ST3-2507,58,61,51,5,0.08620689655172414,0.06395939086294417,0.03738483193379337,False,0.06519654841802493,2650,2990,0.0,0.0,,
VA-HP-ST3,ST3-2508,79,83,54,4,0.05063291139240506,0.06639004149377593,0.019863721314733046,False,0.06519654841802493,2650,2990,0.0,0.0,,
VA-HP-ST3,ST3-2509,81,88,54,6,0.07407407407407407,0.06444906444906445,0.03438916189352608,False,0.06519654841802493,2650,2990,0.0,0.0,,
VA-HP-ST3,ST3-2510,59,64,52,6,0.1016949152542373,0.06300813008130081,0.047447326513182495,False,0.06519654841802493,2650,2990,0.0,0.0,,
VA-HP-ST3,ST3-2511,41,43,33,1,0.024390243902439025,0.06686626746506986,0.004318420270716478,False,0.06519654841802493,2650,2990,0.0,0.0,,
VA-HP-ST3,ST3-2512,50,55,29,2,0.04,0.06646525679758308,0.011038652660826579,False,0.06519654841802493,2650,2990,0.0,0.0,,
VA-HP-ST3,ST3-2601,43,46,29,2,0.046511627906976744,0.066,0.01284899031731969,False,0.06519654841802493,2650,2990,0.0,0.0,,
VA-HP-ST3,ST3-2602,50,53,30,0,0.0,0.06847935548841894,0.0,False,0.06519654841802493,2650,2990,0.0,0.0,,
VA-HP-ST3,ST3-2603,37,39,24,2,0.05405405405405406,0.06560636182902585,0.014950662770539937,False,0.06519654841802493,2650,2990,0.0,0.0,,
VA-HP-ST3,ST3-2604,34,37,6,1,0.029411764705882353,0.06640237859266601,0.005210771925596642,False,0.06519654841802493,2650,2990,0.0,0.0,,
VA-HP-ST3,ST3-2605,14,16,3,1,0.07142857142857142,0.06511175898931001,0.012721886112291648,False,0.06519654841802493,2650,2990,0.0,0.0,,
VA-NB-ARC,ARC-2403,3,4,0,0,0.0,0.07023411371237458,0.0,False,0.06988352745424292,540,880,0.0,0.0,,
VA-NB-ARC,ARC-2404,13,13,0,0,0.0,0.07142857142857142,0.0,False,0.06988352745424292,540,880,0.0,0.0,,
VA-NB-ARC,ARC-2405,20,20,2,0,0.0,0.07228915662650602,-1.1641658116749259e-17,False,0.06988352745424292,540,880,0.0,0.0,,
VA-NB-ARC,ARC-2406,18,19,2,0,0.0,0.07204116638078903,0.0,False,0.06988352745424292,540,880,0.0,0.0,,
VA-NB-ARC,ARC-2407,42,47,4,0,0.0,0.07513416815742398,0.0,False,0.06988352745424292,540,880,0.0,0.0,,
VA-NB-ARC,ARC-2408,23,25,10,2,0.08695652173913043,0.06920415224913495,0.02417949540723341,False,0.06988352745424292,540,880,0.0,0.0,,
VA-NB-ARC,ARC-2409,31,31,12,2,0.06451612903225806,0.07017543859649122,0.017874407775063144,False,0.06988352745424292,540,880,0.0,0.0,,
VA-NB-ARC,ARC-2410,20,22,15,2,0.1,0.06884681583476764,0.027865893984153196,False,0.06988352745424292,540,880,0.0,0.0,,
VA-NB-ARC,ARC-2411,11,11,11,2,0.18181818181818182,0.06779661016949153,0.05136660067100062,False,0.06988352745424292,540,880,0.0,0.0,,
VA-NB-ARC,ARC-2412,17,17,19,1,0.058823529411764705,0.0702054794520548,0.010460130645164236,False,0.06988352745424292,540,880,0.0,0.0,,
VA-NB-ARC,ARC-2501,24,26,13,3,0.125,0.06759098786828423,0.043442550393155845,False,0.06988352745424292,540,880,0.0,0.0,,
VA-NB-ARC,ARC-2502,23,23,16,3,0.13043478260869565,0.06747404844290658,0.04537576514344702,False,0.06988352745424292,540,880,0.0,0.0,,
VA-NB-ARC,ARC-2503,22,22,23,2,0.09090909090909091,0.0690846286701209,0.025294896282837778,False,0.06988352745424292,540,880,0.0,0.0,,
VA-NB-ARC,ARC-2504,26,27,26,2,0.07692307692307693,0.06956521739130435,0.021354639183375553,False,0.06988352745424292,540,880,0.0,0.0,,
VA-NB-ARC,ARC-2505,25,26,26,2,0.08,0.06944444444444445,0.02221993369109194,False,0.06988352745424292,540,880,0.0,0.0,,
VA-NB-ARC,ARC-2506,21,22,12,0,0.0,0.07241379310344828,0.0,False,0.06988352745424292,540,880,0.0,0.0,,
VA-NB-ARC,ARC-2507,30,31,23,4,0.13333333333333333,0.06654991243432574,0.05309569424218104,False,0.06988352745424292,540,880,0.0,0.0,,
VA-NB-ARC,ARC-2508,29,32,20,3,0.10344827586206896,0.06818181818181818,0.03581424038130106,False,0.06988352745424292,540,880,0.0,0.0,,
VA-NB-ARC,ARC-2509,27,28,17,1,0.037037037037037035,0.07142857142857142,0.006567976533097596,False,0.06988352745424292,540,880,0.0,0.0,,
VA-NB-ARC,ARC-2510,22,24,20,1,0.045454545454545456,0.07081174438687392,0.008069219301147859,False,0.06988352745424292,540,880,0.0,0.0,,
VA-NB-ARC,ARC-2511,23,26,16,3,0.13043478260869565,0.06747404844290658,0.04537576514344702,False,0.06988352745424292,540,880,0.0,0.0,,
VA-NB-ARC,ARC-2512,31,34,32,3,0.0967741935483871,0.06842105263157895,0.033464036094643976,False,0.06988352745424292,540,880,0.0,0.0,,
VA-NB-ARC,ARC-2601,25,29,14,2,0.08,0.06944444444444445,0.02221993369109194,False,0.06988352745424292,540,880,0.0,0.0,,
VA-NB-ARC,ARC-2602,24,27,15,3,0.125,0.06759098786828423,0.043442550393155845,False,0.06988352745424292,540,880,0.0,0.0,,
VA-NB-ARC,ARC-2603,27,28,13,0,0.0,0.07317073170731707,1.2149183920775522e-17,False,0.06988352745424292,540,880,0.0,0.0,,
VA-NB-ARC,ARC-2604,15,16,3,1,0.06666666666666667,0.06996587030716724,0.011866588606194859,False,0.06988352745424292,540,880,0.0,0.0,,
VA-NB-ARC,ARC-2605,9,11,4,0,0.0,0.07094594594594594,0.0,False,0.06988352745424292,540,880,0.0,0.0,,
VA-SP-MINI,MINI-2411,25,27,16,1,0.04,0.06797235023041474,0.007096050386699169,False,0.0671892497200448,980,1320,0.0,0.0,,
VA-SP-MINI,MINI-2412,36,39,33,2,0.05555555555555555,0.0676779463243874,0.015369663767066846,False,0.0671892497200448,980,1320,0.0,0.0,,
VA-SP-MINI,MINI-2501,37,39,40,5,0.13513513513513514,0.06425233644859812,0.059132072625076235,False,0.0671892497200448,980,1320,0.0,0.0,,
VA-SP-MINI,MINI-2502,31,33,28,2,0.06451612903225806,0.06728538283062645,0.017874407775063144,False,0.0671892497200448,980,1320,0.0,0.0,,
VA-SP-MINI,MINI-2503,51,54,41,8,0.1568627450980392,0.06175771971496437,0.08169125888021325,False,0.0671892497200448,980,1320,0.0,0.0,,
VA-SP-MINI,MINI-2504,52,55,43,3,0.057692307692307696,0.06777645659928656,0.0198138126905732,False,0.0671892497200448,980,1320,0.0,0.0,,
VA-SP-MINI,MINI-2505,51,55,30,2,0.0392156862745098,0.0688836104513064,0.01082085626875121,False,0.0671892497200448,980,1320,0.0,0.0,,
VA-SP-MINI,MINI-2506,70,75,57,6,0.08571428571428572,0.06561360874848117,0.03987612654032837,False,0.0671892497200448,980,1320,0.0,0.0,,
VA-SP-MINI,MINI-2507,56,59,44,3,0.05357142857142857,0.06810035842293907,0.01838544792866792,False,0.0671892497200448,980,1320,0.0,0.0,,
VA-SP-MINI,MINI-2508,78,88,73,11,0.14102564102564102,0.06012269938650307,0.08060961324830107,False,0.0671892497200448,980,1320,0.0,0.0,,
VA-SP-MINI,MINI-2509,57,59,40,1,0.017543859649122806,0.07057416267942583,0.0031035847066800985,False,0.0671892497200448,980,1320,0.0,0.0,,
VA-SP-MINI,MINI-2510,54,56,38,2,0.037037037037037035,0.06912991656734208,0.010216153585413053,False,0.0671892497200448,980,1320,0.0,0.0,,
VA-SP-MINI,MINI-2511,60,65,50,6,0.1,0.06482593037214886,0.04664219945723587,False,0.0671892497200448,980,1320,0.0,0.0,,
VA-SP-MINI,MINI-2512,30,32,17,1,0.03333333333333333,0.06836616454229433,0.005908437994857381,False,0.0671892497200448,980,1320,0.0,0.0,,
VA-SP-MINI,MINI-2601,43,44,26,1,0.023255813953488372,0.06941176470588235,0.004116981177419916,False,0.0671892497200448,980,1320,0.0,0.0,,
VA-SP-MINI,MINI-2602,53,57,29,2,0.03773584905660377,0.06904761904761905,0.010410068833819272,False,0.0671892497200448,980,1320,0.0,0.0,,
VA-SP-MINI,MINI-2603,55,62,33,3,0.05454545454545454,0.06801909307875895,0.01872287596750009,False,0.0671892497200448,980,1320,0.0,0.0,,
VA-SP-MINI,MINI-2604,28,29,7,1,0.03571428571428571,0.06820809248554913,0.006332356497541882,False,0.0671892497200448,980,1320,0.0,0.0,,
VA-SP-MINI,MINI-2605,23,24,10,0,0.0,0.06896551724137931,-1.1891583198458084e-17,False,0.0671892497200448,980,1320,0.0,0.0,,
VA-SP-MINI,MINI-2606,3,4,0,0,0.0,0.06741573033707865,0.0,False,0.0671892497200448,980,1320,0.0,0.0,,
VA-SP-ORB,ORB-2402,1,1,1,0,0.0,0.04154302670623145,0.0,False,0.04148148148148148,2300,2640,0.0,0.0,,
VA-SP-ORB,ORB-2403,4,4,0,0,0.0,0.041728763040238454,0.0,False,0.04148148148148148,2300,2640,0.0,0.0,,
VA-SP-ORB,ORB-2404,11,12,1,0,0.0,0.04216867469879518,2.057132194452876e-17,False,0.04148148148148148,2300,2640,0.0,0.0,,
VA-SP-ORB,ORB-2405,20,21,5,0,0.0,0.042748091603053436,-1.1641658116749259e-17,False,0.04148148148148148,2300,2640,0.0,0.0,,
VA-SP-ORB,ORB-2406,19,21,1,0,0.0,0.042682926829268296,0.0,False,0.04148148148148148,2300,2640,0.0,0.0,,
VA-SP-ORB,ORB-2407,36,39,5,0,0.0,0.04381846635367762,0.0,False,0.04148148148148148,2300,2640,0.0,0.0,,
VA-SP-ORB,ORB-2408,36,39,8,2,0.05555555555555555,0.0406885758998435,0.015369663767066846,False,0.04148148148148148,2300,2640,0.0,0.0,,
VA-SP-ORB,ORB-2409,34,37,10,1,0.029411764705882353,0.0421216848673947,0.005210771925596642,False,0.04148148148148148,2300,2640,0.0,0.0,,
VA-SP-ORB,ORB-2410,28,30,12,1,0.03571428571428571,0.04173106646058733,0.006332356497541882,False,0.04148148148148148,2300,2640,0.0,0.0,,
VA-SP-ORB,ORB-2411,29,30,27,2,0.06896551724137931,0.04024767801857585,0.019120864097994437,False,0.04148148148148148,2300,2640,0.0,0.0,,
VA-SP-ORB,ORB-2412,26,27,17,1,0.038461538461538464,0.04160246533127889,0.006821808976989882,False,0.04148148148148148,2300,2640,0.0,0.0,,
VA-SP-ORB,ORB-2501,16,16,9,1,0.0625,0.0409711684370258,0.011119057308331216,False,0.04148148148148148,2300,2640,0.0,0.0,,
VA-SP-ORB,ORB-2502,18,19,19,0,0.0,0.0426179604261796,0.0,False,0.04148148148148148,2300,2640,0.0,0.0,,
VA-SP-ORB,ORB-2503,19,20,11,1,0.05263157894736842,0.041158536585365856,0.00935175249052995,False,0.04148148148148148,2300,2640,0.0,0.0,,
VA-SP-ORB,ORB-2504,33,35,23,0,0.0,0.04361370716510903,0.0,False,0.04148148148148148,2300,2640,0.0,0.0,,
VA-SP-ORB,ORB-2505,27,31,18,1,0.037037037037037035,0.041666666666666664,0.006567976533097596,False,0.04148148148148148,2300,2640,0.0,0.0,,
VA-SP-ORB,ORB-2506,31,34,26,3,0.0967741935483871,0.03881987577639751,0.033464036094643976,False,0.04148148148148148,2300,2640,0.0,0.0,,
VA-SP-ORB,ORB-2507,37,41,36,2,0.05405405405405406,0.04075235109717868,0.014950662770539937,False,0.04148148148148148,2300,2640,0.0,0.0,,
VA-SP-ORB,ORB-2508,40,42,38,3,0.075,0.03937007874015748,0.02583555677185823,False,0.04148148148148148,2300,2640,0.0,0.0,,
VA-SP-ORB,ORB-2509,30,32,18,0,0.0,0.043410852713178294,-1.2302421700937121e-17,False,0.04148148148148148,2300,2640,0.0,0.0,,
VA-SP-ORB,ORB-2510,30,32,28,3,0.1,0.03875968992248062,0.03459925995971615,False,0.04148148148148148,2300,2640,0.0,0.0,,
VA-SP-ORB,ORB-2511,25,29,28,4,0.16,0.036923076923076927,0.06403347608577989,False,0.04148148148148148,2300,2640,0.0,0.0,,
VA-SP-ORB,ORB-2512,25,27,16,2,0.08,0.04,0.02221993369109194,False,0.04148148148148148,2300,2640,0.0,0.0,,
VA-SP-ORB,ORB-2601,26,27,17,0,0.0,0.04314329738058552,0.0,False,0.04148148148148148,2300,2640,0.0,0.0,,
VA-SP-ORB,ORB-2602,23,26,19,0,0.0,0.04294478527607362,-1.1891583198458084e-17,False,0.04148148148148148,2300,2640,0.0,0.0,,
VA-SP-ORB,ORB-2603,27,29,14,1,0.037037037037037035,0.041666666666666664,0.006567976533097596,False,0.04148148148148148,2300,2640,0.0,0.0,,
VA-SP-ORB,ORB-2604,14,14,7,0,0.0,0.04236006051437216,0.0,False,0.04148148148148148,2300,2640,0.0,0.0,,
VA-SP-ORB,ORB-2605,9,10,2,0,0.0,0.042042042042042045,0.0,False,0.04148148148148148,2300,2640,0.0,0.0,,
VA-SP-ORB,ORB-2606,1,1,0,0,0.0,0.04154302670623145,0.0,False,0.04148148148148148,2300,2640,0.0,0.0,,
VA-SW-FIT,FIT-2404,3,3,0,0,0.0,0.06188925081433225,0.0,False,0.06168831168831169,850,1190,0.0,0.0,,
VA-SW-FIT,FIT-2405,14,14,0,0,0.0,0.06263736263736264,0.0,False,0.06168831168831169,850,1190,0.0,0.0,,
VA-SW-FIT,FIT-2406,29,30,1,1,0.034482758620689655,0.06256983240223464,0.006113056614032264,False,0.06168831168831169,850,1190,0.0,0.0,,
VA-SW-FIT,FIT-2407,45,48,2,0,0.0,0.06484641638225255,0.0,False,0.06168831168831169,850,1190,0.0,0.0,,
VA-SW-FIT,FIT-2408,52,54,11,1,0.019230769230769232,0.06422018348623854,0.003402720409065522,False,0.06168831168831169,850,1190,0.0,0.0,,
VA-SW-FIT,FIT-2409,47,49,10,1,0.02127659574468085,0.06385404789053592,0.003765671010464998,False,0.06168831168831169,850,1190,0.0,0.0,,
VA-SW-FIT,FIT-2410,48,51,27,3,0.0625,0.06164383561643835,0.021482843131227235,False,0.06168831168831169,850,1190,0.0,0.0,,
VA-SW-FIT,FIT-2411,30,31,21,2,0.06666666666666667,0.06152125279642058,0.01847663532769335,False,0.06168831168831169,850,1190,0.0,0.0,,
VA-SW-FIT,FIT-2412,38,39,35,3,0.07894736842105263,0.060948081264108354,0.027214101394264924,False,0.06168831168831169,850,1190,0.0,0.0,,
VA-SW-FIT,FIT-2501,37,41,30,1,0.02702702702702703,0.06313416009019165,0.00478685105490773,False,0.06168831168831169,850,1190,0.0,0.0,,
VA-SW-FIT,FIT-2502,42,45,28,4,0.09523809523809523,0.060090702947845805,0.037661638828312104,False,0.06168831168831169,850,1190,0.0,0.0,,
VA-SW-FIT,FIT-2503,33,37,19,1,0.030303030303030304,0.06285072951739619,0.005369272089651719,False,0.06168831168831169,850,1190,0.0,0.0,,
VA-SW-FIT,FIT-2504,46,52,30,3,0.06521739130434782,0.06150341685649203,0.022427454466343564,False,0.06168831168831169,850,1190,0.0,0.0,,
VA-SW-FIT,FIT-2505,48,52,55,6,0.125,0.05821917808219178,0.05856971750400843,False,0.06168831168831169,850,1190,0.0,0.0,,
VA-SW-FIT,FIT-2506,36,38,30,1,0.027777777777777776,0.06306306306306306,0.004920280295569678,False,0.06168831168831169,850,1190,0.0,0.0,,
VA-SW-FIT,FIT-2507,37,39,23,3,0.08108108108108109,0.060879368658399095,0.02796006639632139,False,0.06168831168831169,850,1190,0.0,0.0,,
VA-SW-FIT,FIT-2508,35,35,35,3,0.08571428571428572,0.06074240719910011,0.029581831005296898,False,0.06168831168831169,850,1190,0.0,0.0,,
VA-SW-FIT,FIT-2509,42,45,39,3,0.07142857142857142,0.061224489795918366,0.024589963551172864,False,0.06168831168831169,850,1190,0.0,0.0,,
VA-SW-FIT,FIT-2510,49,51,36,4,0.08163265306122448,0.060571428571428575,0.03220229624171222,False,0.06168831168831169,850,1190,0.0,0.0,,
VA-SW-FIT,FIT-2511,40,45,36,6,0.15,0.057692307692307696,0.07061091708507436,False,0.06168831168831169,850,1190,0.0,0.0,,
VA-SW-FIT,FIT-2512,26,27,18,1,0.038461538461538464,0.062360801781737196,0.006821808976989882,False,0.06168831168831169,850,1190,0.0,0.0,,
VA-SW-FIT,FIT-2601,37,38,26,1,0.02702702702702703,0.06313416009019165,0.00478685105490773,False,0.06168831168831169,850,1190,0.0,0.0,,
VA-SW-FIT,FIT-2602,40,43,21,4,0.1,0.05995475113122172,0.03957888759557486,False,0.06168831168831169,850,1190,0.0,0.0,,
VA-SW-FIT,FIT-2603,34,35,29,5,0.14705882352941177,0.058426966292134834,0.06449346382626417,False,0.06168831168831169,850,1190,0.0,0.0,,
VA-SW-FIT,FIT-2604,26,28,13,0,0.0,0.06347438752783964,0.0,False,0.06168831168831169,850,1190,0.0,0.0,,
VA-SW-FIT,FIT-2605,10,10,8,0,0.0,0.06236323851203501,-2.0052288475052677e-17,False,0.06168831168831169,850,1190,0.0,0.0,,
VA-SW-NX1,NX1-2403,5,6,0,0,0.0,0.05536332179930796,-3.139202815737979e-17,False,0.0548885077186964,1900,2240,0.0,0.0,,
VA-SW-NX1,NX1-2404,9,11,1,0,0.0,0.05574912891986063,0.0,False,0.0548885077186964,1900,2240,0.0,0.0,,
VA-SW-NX1,NX1-2405,23,24,1,1,0.043478260869565216,0.055357142857142855,0.007716466962126739,False,0.0548885077186964,1900,2240,0.0,0.0,,
VA-SW-NX1,NX1-2406,21,24,4,0,0.0,0.05693950177935943,0.0,False,0.0548885077186964,1900,2240,0.0,0.0,,
VA-SW-NX1,NX1-2407,29,31,4,1,0.034482758620689655,0.05595667870036101,0.006113056614032264,False,0.0548885077186964,1900,2240,0.0,0.0,,
VA-SW-NX1,NX1-2408,29,34,5,0,0.0,0.05776173285198556,0.0,False,0.0548885077186964,1900,2240,0.0,0.0,,
VA-SW-NX1,NX1-2409,26,29,6,2,0.07692307692307693,0.05385996409335727,0.021354639183375553,False,0.0548885077186964,1900,2240,0.0,0.0,,
VA-SW-NX1,NX1-2410,28,31,14,2,0.07142857142857142,0.05405405405405406,0.01981164744777079,False,0.0548885077186964,1900,2240,0.0,0.0,,
VA-SW-NX1,NX1-2411,18,18,20,1,0.05555555555555555,0.05486725663716814,0.009874935830924522,False,0.0548885077186964,1900,2240,0.0,0.0,,
VA-SW-NX1,NX1-2412,23,24,27,2,0.08695652173913043,0.05357142857142857,0.02417949540723341,False,0.0548885077186964,1900,2240,0.0,0.0,,
VA-SW-NX1,NX1-2501,13,15,10,0,0.0,0.056140350877192984,0.0,False,0.0548885077186964,1900,2240,0.0,0.0,,
VA-SW-NX1,NX1-2502,20,24,21,1,0.05,0.055062166962699825,0.008881219432873143,False,0.0548885077186964,1900,2240,0.0,0.0,,
VA-SW-NX1,NX1-2503,22,24,19,2,0.09090909090909091,0.053475935828877004,0.025294896282837778,False,0.0548885077186964,1900,2240,0.0,0.0,,
VA-SW-NX1,NX1-2504,21,21,21,2,0.09523809523809523,0.05338078291814947,0.026518208796947225,False,0.0548885077186964,1900,2240,0.0,0.0,,
VA-SW-NX1,NX1-2505,20,20,18,0,0.0,0.056838365896980464,-1.1641658116749259e-17,False,0.0548885077186964,1900,2240,0.0,0.0,,
VA-SW-NX1,NX1-2506,28,29,29,3,0.10714285714285714,0.05225225225225225,0.0371176920547995,False,0.0548885077186964,1900,2240,0.0,0.0,,
VA-SW-NX1,NX1-2507,33,34,33,5,0.15151515151515152,0.04909090909090909,0.06650359257960956,False,0.0548885077186964,1900,2240,0.0,0.0,,
VA-SW-NX1,NX1-2508,26,27,21,2,0.07692307692307693,0.05385996409335727,0.021354639183375553,False,0.0548885077186964,1900,2240,0.0,0.0,,
VA-SW-NX1,NX1-2509,20,20,16,1,0.05,0.055062166962699825,0.008881219432873143,False,0.0548885077186964,1900,2240,0.0,0.0,,
VA-SW-NX1,NX1-2510,28,30,32,1,0.03571428571428571,0.055855855855855854,0.006332356497541882,False,0.0548885077186964,1900,2240,0.0,0.0,,
VA-SW-NX1,NX1-2511,21,21,12,0,0.0,0.05693950177935943,0.0,False,0.0548885077186964,1900,2240,0.0,0.0,,
VA-SW-NX1,NX1-2512,27,28,11,2,0.07407407407407407,0.0539568345323741,0.020554221697383537,False,0.0548885077186964,1900,2240,0.0,0.0,,
VA-SW-NX1,NX1-2601,25,26,16,1,0.04,0.05555555555555555,0.007096050386699169,False,0.0548885077186964,1900,2240,0.0,0.0,,
VA-SW-NX1,NX1-2602,25,25,16,2,0.08,0.053763440860215055,0.02221993369109194,False,0.0548885077186964,1900,2240,0.0,0.0,,
VA-SW-NX1,NX1-2603,23,25,14,0,0.0,0.05714285714285714,-1.1891583198458084e-17,False,0.0548885077186964,1900,2240,0.0,0.0,,
VA-SW-NX1,NX1-2604,11,11,3,1,0.09090909090909091,0.05419580419580419,0.016231752262825964,False,0.0548885077186964,1900,2240,0.0,0.0,,
VA-SW-NX1,NX1-2605,8,10,3,0,0.0,0.05565217391304348,0.0,False,0.0548885077186964,1900,2240,0.0,0.0,,
VA-SW-NX1,NX1-2606,1,1,0,0,0.0,0.054982817869415807,0.0,False,0.0548885077186964,1900,2240,0.0,0.0,,
VA-SW-NX2,NX2-2410,14,18,11,2,0.14285714285714285,0.07078313253012049,0.04009307373792117,False,0.07153502235469449,2450,2790,0.0,0.0,,
VA-SW-NX2,NX2-2411,32,33,26,1,0.03125,0.07251908396946564,0.005537717362550956,False,0.07153502235469449,2450,2790,0.0,0.0,,
VA-SW-NX2,NX2-2412,61,63,51,3,0.04918032786885246,0.07259953161592506,0.016865676835230683,False,0.07153502235469449,2450,2790,0.0,0.0,,
VA-SW-NX2,NX2-2501,96,106,80,7,0.07291666666666667,0.07142857142857142,0.035767126237989506,False,0.07153502235469449,2450,2790,0.0,0.0,,
VA-SW-NX2,NX2-2502,77,78,64,4,0.05194805194805195,0.07272727272727272,0.020384388604939376,False,0.07153502235469449,2450,2790,0.0,0.0,,
VA-SW-NX2,NX2-2503,75,84,59,7,0.09333333333333334,0.0702446724546172,0.04594793932894482,False,0.07153502235469449,2450,2790,0.0,0.0,,
VA-SW-NX2,NX2-2504,73,76,58,7,0.0958904109589041,0.07013396375098503,0.04722835432935107,False,0.07153502235469449,2450,2790,0.0,0.0,,
VA-SW-NX2,NX2-2505,88,97,81,6,0.06818181818181818,0.07177033492822966,0.03162049730504359,False,0.07153502235469449,2450,2790,0.0,0.0,,
VA-SW-NX2,NX2-2506,72,76,63,7,0.09722222222222222,0.07007874015748032,0.04789571126116793,False,0.07153502235469449,2450,2790,0.0,0.0,,
VA-SW-NX2,NX2-2507,85,91,55,5,0.058823529411764705,0.07239459029435164,0.025384785707111474,False,0.07153502235469449,2450,2790,0.0,0.0,,
VA-SW-NX2,NX2-2508,93,102,78,9,0.0967741935483871,0.06965572457966374,0.05175108300166125,False,0.07153502235469449,2450,2790,0.0,0.0,,
VA-SW-NX2,NX2-2509,100,106,74,8,0.08,0.07085346215780998,0.04109296948581091,False,0.07153502235469449,2450,2790,0.0,0.0,,
VA-SW-NX2,NX2-2510,71,74,52,4,0.056338028169014086,0.07238394964594808,0.022124161220470236,False,0.07153502235469449,2450,2790,0.0,0.0,,
VA-SW-NX2,NX2-2511,68,74,46,4,0.058823529411764705,0.07221350078492936,0.02311039148053306,False,0.07153502235469449,2450,2790,0.0,0.0,,
VA-SW-NX2,NX2-2512,55,56,50,5,0.09090909090909091,0.0707070707070707,0.039457573336373924,False,0.07153502235469449,2450,2790,0.0,0.0,,
VA-SW-NX2,NX2-2601,75,80,61,7,0.09333333333333334,0.0702446724546172,0.04594793932894482,False,0.07153502235469449,2450,2790,0.0,0.0,,
VA-SW-NX2,NX2-2602,71,76,45,6,0.08450704225352113,0.07081038552321008,0.039305972354112026,False,0.07153502235469449,2450,2790,0.0,0.0,,
VA-SW-NX2,NX2-2603,73,80,27,4,0.0547945205479452,0.07249802994483845,0.021512149248934784,False,0.07153502235469449,2450,2790,0.0,0.0,,
VA-SW-NX2,NX2-2604,40,41,14,0,0.0,0.07373271889400922,-6.330876522670002e-18,False,0.07153502235469449,2450,2790,0.0,0.0,,
VA-SW-NX2,NX2-2605,21,21,5,0,0.0,0.07267221801665405,0.0,False,0.07153502235469449,2450,2790,0.0,0.0,,
VA-SW-NX2,NX2-2606,2,2,0,0,0.0,0.07164179104477612,0.0,False,0.07153502235469449,2450,2790,0.0,0.0,,
