agent_id,display,team,tier,csat_n,csat_mean,adj_score,adj_shrunk,adj_ci_lo,adj_ci_hi,label,in_bottom10_raw,in_bottom10_peer,in_bottom10_adjusted,in_bottom10_adjusted_shrunk,in_bottom10_adj_excl_badlots
A3041,A3041,Escalations & Warranty,2,85,2.4352941176470586,-0.15268632560952342,-0.09613583464303325,-0.34603050282871395,0.04889025589484288,queue effect likely,True,True,True,True,False
A3042,A3042,Escalations & Warranty,2,84,2.4523809523809526,0.00713348608287839,0.0044717375444909314,-0.24776041952496394,0.2618628439889463,queue effect likely,True,True,False,False,False
A3040,A3040,Escalations & Warranty,2,92,2.5434782608695654,0.07995694469317464,0.051803090927972306,-0.17428350734840772,0.3051726421107083,queue effect likely,True,False,False,False,False
A3044,A3044,Escalations & Warranty,2,101,2.603960396039604,0.01528402423454756,0.010223089057545057,-0.13805093764351895,0.19707759982056283,queue effect likely,True,False,False,False,False
A3043,A3043,Escalations & Warranty,2,85,2.623529411764706,0.010197492790755923,0.00642064360899447,-0.2024889092822116,0.24433012814133676,queue effect likely,True,False,False,False,False
A3039,A3039,Escalations & Warranty,2,111,2.855855855855856,0.22568850860542153,0.15559890965963843,0.05553118216211145,0.4067656161485918,queue effect likely,True,False,False,False,False
A3004,A3004,Chat Frontline,1,122,2.959016393442623,-0.31730378561095623,-0.22506431304963173,-0.5167197789368533,-0.12778163063802916,clear evidence,True,True,True,True,True
A3005,A3005,Chat Frontline,1,111,3.0,-0.24686426440095682,-0.17019834377954166,-0.47158884933126477,-0.02829649431767247,clear evidence,True,True,True,True,False
A3007,A3007,Chat Frontline,1,113,3.0088495575221237,-0.27210271188591584,-0.18863562235035883,-0.5022080724795113,-0.04941947637739606,clear evidence,True,True,True,True,True
A3006,A3006,Chat Frontline,1,132,3.0303030303030303,-0.2276835986281073,-0.16513315944456133,-0.43068662098652744,-0.034721515919856165,clear evidence,True,True,True,True,True
A3029,A3029,Logistics,1,154,3.1103896103896105,-0.12027809238601181,-0.09079816778159715,-0.27842340398034965,0.03282621467731674,insufficient evidence,False,True,True,True,False
A3028,A3028,Logistics,1,145,3.1241379310344826,-0.11463435385910636,-0.08524092979266884,-0.2800890608716976,0.03724950451513674,insufficient evidence,False,True,True,True,True
A3032,A3032,Billing,1,166,3.4096385542168677,-0.10380345560929366,-0.07977487792195717,-0.26643788527766193,0.05051506901262466,insufficient evidence,False,False,False,True,True
A3020,A3020,Email Frontline,1,98,3.4693877551020407,-0.1490587278500591,-0.09870104952233644,-0.35457740643323205,0.05054408370294696,insufficient evidence,False,True,True,True,True
A3022,A3022,Email Frontline,1,90,3.522222222222222,-0.10381674566996137,-0.06673933650211802,-0.28920706458530715,0.08504529572868295,insufficient evidence,False,False,True,True,True
